ProductID,ProductName,Category,TotalRevenue,TotalQuantity,TransactionCount
PROD_00368,Focused executive strategy,Jewelry,2053724.8,6954,2643
PROD_00204,Operative static implementation,Clothing,2052892.9,6931,2641
PROD_00026,Focused zero administration frame,Pet Supplies,2051526.4,7084,2691
PROD_00401,Function-based fresh-thinking budgetary management,Toys & Games,2043436.8,6816,2595
PROD_00074,Configurable upward-trending matrix,Pet Supplies,2038752.5,6919,2669
PROD_00278,Fully-configurable dedicated adapter,Pet Supplies,2037648.4,6861,2651
PROD_00404,Persistent incremental application,Books & Media,2032970.5,6978,2647
PROD_00266,Assimilated attitude-oriented project,Health & Beauty,2032094.4,6895,2644
PROD_00500,Mandatory bifurcated Local Area Network,Jewelry,2016012.4,6894,2650
PROD_00185,Managed 4thgeneration budgetary management,Health & Beauty,2013971.2,6969,2651
PROD_00229,Enhanced tangible model,Health & Beauty,2000218.0,6803,2593
PROD_00095,Re-engineered methodical encryption,Jewelry,1997745.8,6980,2724
PROD_00183,Monitored secondary migration,Baby Products,1996510.9,6916,2638
PROD_00222,Persevering intangible product,Baby Products,1994042.9,6779,2613
PROD_00472,Organic grid-enabled parallelism,Jewelry,1986592.1,6802,2639
PROD_00235,Seamless uniform middleware,Furniture,1984384.2,6797,2585
PROD_00098,Optional heuristic interface,Food & Beverages,1979948.5,6732,2617
PROD_00435,Focused zero-defect installation,Sports & Outdoors,1979135.2,6807,2645
PROD_00058,Synergized national system engine,Electronics,1979037.8,6612,2538
PROD_00398,Horizontal stable initiative,Sports & Outdoors,1965416.5,6681,2566
PROD_00443,Persevering 24/7 success,Food & Beverages,1958939.4,6832,2632
PROD_00419,Future-proofed intangible matrices,Baby Products,1950289.4,6606,2544
PROD_00362,Extended empowering protocol,Food & Beverages,1947380.9,6843,2634
PROD_00450,Self-enabling transitional task-force,Furniture,1946174.2,7154,2715
PROD_00438,Multi-tiered human-resource protocol,Jewelry,1943980.6,6504,2527
PROD_00144,Triple-buffered exuding pricing structure,Electronics,1939999.6,6727,2616
PROD_00082,Integrated impactful secured line,Food & Beverages,1934126.5,6621,2570
PROD_00282,Persistent tangible extranet,Tools & Hardware,1931521.1,6925,2656
PROD_00426,Profit-focused encompassing ability,Baby Products,1929519.0,6724,2600
PROD_00200,Innovative motivating function,Sports & Outdoors,1922475.1,6746,2587
PROD_00054,Cloned human-resource implementation,Books & Media,1920178.1,6787,2589
PROD_00498,Future-proofed composite extranet,Office Supplies,1914199.4,6482,2518
PROD_00140,Extended motivating firmware,Toys & Games,1912693.4,6751,2598
PROD_00424,Grass-roots zero administration utilization,Electronics,1898874.1,6951,2682
PROD_00284,Robust real-time synergy,Office Supplies,1898773.1,6744,2606
PROD_00295,Balanced grid-enabled monitoring,Health & Beauty,1888160.2,6941,2670
PROD_00298,Mandatory 24/7 instruction set,Tools & Hardware,1883081.8,7141,2717
PROD_00014,Diverse tangible interface,Clothing,1881648.4,6609,2575
PROD_00285,Universal bifurcated time-frame,Food & Beverages,1879280.0,6760,2625
PROD_00374,Quality-focused directional project,Office Supplies,1876384.8,6947,2726
PROD_00042,Universal foreground data-warehouse,Home & Garden,1875946.9,6888,2647
PROD_00024,Re-engineered content-based strategy,Automotive,1873893.2,6498,2537
PROD_00413,Diverse fault-tolerant neural-net,Pet Supplies,1872816.9,7118,2687
PROD_00318,Pre-emptive next generation task-force,Jewelry,1870067.9,6670,2540
PROD_00090,Focused asymmetric alliance,Food & Beverages,1866206.4,6971,2691
PROD_00327,Reactive full-range help-desk,Clothing,1864777.2,6766,2614
PROD_00370,Compatible systemic emulation,Sports & Outdoors,1864069.8,6794,2649
PROD_00201,Synchronized incremental Graphic Interface,Tools & Hardware,1861509.2,6749,2614
PROD_00187,Fundamental 5thgeneration benchmark,Sports & Outdoors,1859814.4,6703,2600
PROD_00428,Reverse-engineered optimal protocol,Books & Media,1854936.2,6990,2708
PROD_00402,Visionary impactful migration,Sports & Outdoors,1841722.9,6704,2591
PROD_00330,Decentralized uniform core,Health & Beauty,1830291.5,6667,2555
PROD_00018,Cross-platform heuristic hardware,Food & Beverages,1828023.1,6699,2567
PROD_00067,Distributed holistic task-force,Furniture,1823576.0,7078,2678
PROD_00242,Grass-roots leadingedge archive,Books & Media,1822744.9,6952,2667
PROD_00299,Pre-emptive bi-directional Internet solution,Jewelry,1821485.5,6790,2587
PROD_00346,Organic global contingency,Clothing,1816595.8,6981,2665
PROD_00448,Configurable full-range service-desk,Furniture,1814117.5,6758,2611
PROD_00202,Open-architected tangible frame,Jewelry,1810222.1,6964,2665
PROD_00234,Intuitive web-enabled intranet,Automotive,1806669.8,6713,2603
PROD_00022,Configurable neutral frame,Pet Supplies,1802709.0,6713,2609
PROD_00239,Fully-configurable scalable focus group,Pet Supplies,1800963.9,6711,2583
PROD_00045,Fundamental client-driven encryption,Sports & Outdoors,1793729.0,6788,2663
PROD_00290,Compatible optimizing solution,Automotive,1793131.9,6811,2613
PROD_00312,Enterprise-wide mobile data-warehouse,Baby Products,1788719.4,6537,2527
PROD_00037,Realigned directional software,Jewelry,1783485.2,6999,2637
PROD_00071,Customizable high-level workforce,Clothing,1776635.5,7065,2690
PROD_00364,Enhanced neutral archive,Office Supplies,1772909.8,6604,2568
PROD_00078,Down-sized empowering moderator,Food & Beverages,1769651.5,6885,2631
PROD_00206,Seamless non-volatile framework,Office Supplies,1767437.8,6992,2707
PROD_00457,Organic composite solution,Furniture,1766795.9,6752,2585
PROD_00414,Advanced neutral installation,Food & Beverages,1766157.4,6763,2670
PROD_00170,User-friendly coherent encoding,Pet Supplies,1755413.9,6987,2697
PROD_00104,Ergonomic national knowledge user,Pet Supplies,1752921.2,6657,2566
PROD_00148,Fundamental bifurcated benchmark,Furniture,1741539.9,6867,2619
PROD_00253,Ameliorated well-modulated orchestration,Automotive,1736236.9,6880,2666
PROD_00263,Persistent clear-thinking process improvement,Home & Garden,1734285.6,6791,2598
PROD_00118,Pre-emptive coherent core,Home & Garden,1733612.2,6859,2655
PROD_00021,Public-key bottom-line implementation,Tools & Hardware,1730621.4,6845,2642
PROD_00115,Persevering executive interface,Pet Supplies,1719265.9,6962,2635
PROD_00268,Enterprise-wide actuating firmware,Tools & Hardware,1717030.0,7000,2679
PROD_00249,Open-source full-range moratorium,Tools & Hardware,1704146.0,6723,2634
PROD_00434,Front-line object-oriented info-mediaries,Food & Beverages,1703966.1,6870,2651
PROD_00175,Fully-configurable encompassing complexity,Sports & Outdoors,1702527.5,6977,2683
PROD_00360,Seamless user-facing attitude,Baby Products,1693653.1,6792,2636
PROD_00101,Stand-alone bandwidth-monitored approach,Tools & Hardware,1687457.2,6659,2606
PROD_00320,Stand-alone transitional matrix,Pet Supplies,1684172.2,6688,2564
PROD_00143,Diverse leadingedge moratorium,Food & Beverages,1682392.5,6829,2634
PROD_00001,Sharable bifurcated algorithm,Toys & Games,1681773.1,7032,2719
PROD_00464,Configurable reciprocal implementation,Books & Media,1668354.6,6788,2631
PROD_00114,Adaptive human-resource firmware,Pet Supplies,1667520.2,6457,2527
PROD_00479,Implemented 3rdgeneration protocol,Toys & Games,1661693.9,6702,2591
PROD_00349,Pre-emptive asynchronous orchestration,Automotive,1661667.0,6919,2624
PROD_00271,Virtual homogeneous focus group,Food & Beverages,1652104.0,6563,2526
PROD_00286,Diverse fault-tolerant benchmark,Baby Products,1643308.1,6503,2532
PROD_00141,De-engineered grid-enabled architecture,Office Supplies,1635676.9,6802,2621
PROD_00352,Re-contextualized exuding artificial intelligence,Books & Media,1620343.4,6689,2614
PROD_00080,Quality-focused web-enabled superstructure,Books & Media,1610110.6,6828,2642
PROD_00221,Seamless zero administration archive,Clothing,1608513.5,6655,2600
PROD_00205,Synergistic value-added conglomeration,Health & Beauty,1606610.1,7137,2708
PROD_00244,Future-proofed full-range functionalities,Books & Media,1596635.6,7105,2720
PROD_00315,Grass-roots next generation access,Home & Garden,1594422.9,6721,2603
PROD_00182,Cloned zero administration focus group,Automotive,1589379.6,7111,2730
PROD_00110,Cross-group web-enabled encoding,Jewelry,1588884.5,6650,2569
PROD_00345,Horizontal methodical matrices,Baby Products,1586946.4,6601,2568
PROD_00480,Object-based even-keeled access,Clothing,1584505.6,6828,2648
PROD_00228,Vision-oriented interactive definition,Pet Supplies,1584204.9,6861,2644
PROD_00031,Synchronized encompassing standardization,Food & Beverages,1583217.6,6836,2620
PROD_00220,Balanced dynamic leverage,Toys & Games,1579069.1,6963,2664
PROD_00486,Ergonomic regional extranet,Tools & Hardware,1576512.0,7038,2719
PROD_00491,Integrated zero tolerance intranet,Clothing,1573726.4,6886,2638
PROD_00280,De-engineered methodical secured line,Automotive,1570475.8,6879,2635
PROD_00396,Customer-focused cohesive groupware,Books & Media,1565098.0,6872,2635
PROD_00165,Balanced fault-tolerant hierarchy,Health & Beauty,1564477.8,6924,2651
PROD_00038,Inverse zero administration time-frame,Toys & Games,1563387.0,6753,2632
PROD_00225,Open-architected dynamic circuit,Electronics,1559333.1,6627,2569
PROD_00019,Robust empowering workforce,Books & Media,1557256.6,6865,2652
PROD_00465,Secured systemic encoding,Food & Beverages,1556357.4,6810,2611
PROD_00452,Secured asymmetric encoding,Furniture,1550284.1,7033,2707
PROD_00336,Progressive radical forecast,Jewelry,1547780.5,6872,2623
PROD_00459,Inverse analyzing frame,Health & Beauty,1542556.4,6908,2669
PROD_00417,Distributed modular structure,Furniture,1541933.4,6693,2594
PROD_00211,Persistent leadingedge intranet,Health & Beauty,1531951.8,6738,2583
PROD_00403,Adaptive stable moratorium,Health & Beauty,1523376.8,6938,2695
PROD_00257,User-friendly user-facing moratorium,Tools & Hardware,1515905.0,6850,2617
PROD_00467,Focused maximized productivity,Jewelry,1515413.2,6695,2584
PROD_00287,Reduced 4thgeneration function,Automotive,1514846.1,6721,2600
PROD_00405,Ergonomic multi-state hierarchy,Clothing,1509708.8,6747,2644
PROD_00096,Phased incremental core,Food & Beverages,1507920.4,6715,2573
PROD_00323,Team-oriented dynamic function,Automotive,1503619.0,6727,2580
PROD_00157,Visionary clear-thinking productivity,Toys & Games,1501225.0,6625,2563
PROD_00301,Triple-buffered coherent Internet solution,Office Supplies,1499662.1,6712,2626
PROD_00168,Customer-focused heuristic time-frame,Health & Beauty,1498164.5,6768,2576
PROD_00300,Multi-lateral scalable knowledgebase,Sports & Outdoors,1493369.6,6609,2595
PROD_00484,Vision-oriented discrete portal,Sports & Outdoors,1492363.9,6538,2573
PROD_00273,Configurable methodical adapter,Electronics,1491964.1,6747,2624
PROD_00302,Enhanced upward-trending model,Sports & Outdoors,1490131.5,6947,2699
PROD_00128,Re-contextualized dynamic paradigm,Furniture,1487513.4,6712,2552
PROD_00269,Multi-tiered fresh-thinking data-warehouse,Books & Media,1487191.9,6849,2577
PROD_00224,Total human-resource methodology,Tools & Hardware,1487114.9,6816,2643
PROD_00384,User-centric fresh-thinking portal,Sports & Outdoors,1475741.2,6707,2614
PROD_00129,Right-sized 6thgeneration process improvement,Sports & Outdoors,1466477.8,6688,2551
PROD_00247,Team-oriented coherent strategy,Books & Media,1464297.8,6766,2605
PROD_00073,Front-line non-volatile artificial intelligence,Jewelry,1463628.1,7002,2698
PROD_00055,Right-sized maximized moderator,Books & Media,1456155.0,6895,2611
PROD_00070,Inverse mobile adapter,Automotive,1451814.5,6994,2671
PROD_00307,Fully-configurable background focus group,Furniture,1447562.0,6693,2577
PROD_00016,Extended well-modulated Graphical User Interface,Clothing,1438237.6,6996,2687
PROD_00162,Distributed needs-based alliance,Jewelry,1430293.5,7034,2690
PROD_00053,Synergized interactive policy,Health & Beauty,1415436.1,6804,2636
PROD_00139,Cross-platform asynchronous monitoring,Health & Beauty,1410963.0,6866,2675
PROD_00369,Horizontal tangible knowledgebase,Furniture,1410702.2,6793,2626
PROD_00197,Optional asymmetric secured line,Office Supplies,1409243.0,6719,2568
PROD_00468,Function-based logistical extranet,Home & Garden,1408662.8,6816,2657
PROD_00353,Fully-configurable bottom-line open architecture,Home & Garden,1400632.8,6977,2698
PROD_00013,Adaptive well-modulated workforce,Food & Beverages,1397482.8,6837,2633
PROD_00455,Optional bandwidth-monitored task-force,Health & Beauty,1396323.6,6833,2636
PROD_00150,Future-proofed executive portal,Pet Supplies,1390655.6,6644,2572
PROD_00451,Pre-emptive needs-based alliance,Books & Media,1390592.8,6826,2655
PROD_00178,Exclusive logistical hardware,Sports & Outdoors,1378883.1,6510,2555
PROD_00032,Synergized secondary archive,Toys & Games,1375685.5,7031,2670
PROD_00039,Centralized discrete alliance,Automotive,1375238.1,6442,2525
PROD_00240,Visionary zero-defect model,Pet Supplies,1374572.4,6627,2567
PROD_00086,Mandatory 3rdgeneration parallelism,Books & Media,1369538.4,7015,2705
PROD_00476,Polarized bi-directional encoding,Office Supplies,1349847.5,6575,2525
PROD_00214,Switchable attitude-oriented forecast,Electronics,1349233.5,6685,2584
PROD_00112,Polarized didactic initiative,Toys & Games,1348488.5,6678,2593
PROD_00400,Persevering background functionalities,Furniture,1343677.5,6675,2571
PROD_00127,Front-line impactful capability,Automotive,1337942.1,6744,2592
PROD_00046,User-friendly next generation monitoring,Jewelry,1337038.8,7023,2700
PROD_00332,Public-key well-modulated solution,Clothing,1332324.0,6682,2532
PROD_00079,Robust interactive data-warehouse,Electronics,1323705.6,6860,2633
PROD_00412,Robust disintermediate strategy,Furniture,1323494.6,7035,2693
PROD_00372,Self-enabling optimizing protocol,Health & Beauty,1319226.6,6739,2606
PROD_00487,Synergistic web-enabled success,Electronics,1318199.0,6731,2613
PROD_00431,Managed neutral task-force,Furniture,1314483.6,6733,2593
PROD_00142,Fully-configurable holistic forecast,Food & Beverages,1310584.1,6779,2608
PROD_00289,Object-based transitional customer loyalty,Office Supplies,1308597.6,6870,2665
PROD_00473,Innovative scalable interface,Home & Garden,1307195.4,6717,2565
PROD_00397,Open-source system-worthy methodology,Electronics,1305612.1,6595,2545
PROD_00246,Distributed discrete info-mediaries,Jewelry,1305410.4,7024,2657
PROD_00407,Self-enabling leadingedge task-force,Electronics,1305205.2,6680,2556
PROD_00163,Multi-layered optimal neural-net,Pet Supplies,1301453.2,6853,2607
PROD_00007,Cross-group didactic emulation,Health & Beauty,1296741.2,6986,2704
PROD_00358,Reverse-engineered interactive function,Tools & Hardware,1292558.5,6883,2672
PROD_00274,User-friendly needs-based application,Electronics,1289762.9,7026,2726
PROD_00292,Total zero administration framework,Food & Beverages,1277180.9,6808,2660
PROD_00033,Robust scalable concept,Automotive,1276109.0,6811,2621
PROD_00136,Innovative logistical functionalities,Pet Supplies,1271102.6,6866,2624
PROD_00261,Mandatory static service-desk,Sports & Outdoors,1265916.1,6951,2660
PROD_00429,Pre-emptive coherent knowledge user,Jewelry,1253920.0,6800,2587
PROD_00011,Operative directional knowledge user,Tools & Hardware,1253828.0,6745,2608
PROD_00281,Customizable non-volatile data-warehouse,Books & Media,1251236.1,6867,2642
PROD_00313,Multi-channeled empowering Graphical User Interface,Clothing,1241820.4,6756,2629
PROD_00002,User-centric even-keeled encryption,Books & Media,1234011.5,6856,2656
PROD_00329,Integrated eco-centric emulation,Books & Media,1231880.4,7092,2734
PROD_00174,Synchronized user-facing workforce,Food & Beverages,1231291.2,7044,2705
PROD_00089,Triple-buffered responsive approach,Jewelry,1225202.9,6908,2658
PROD_00164,Digitized intermediate capacity,Food & Beverages,1224008.9,6758,2585
PROD_00470,Persistent executive service-desk,Electronics,1220868.4,6974,2657
PROD_00004,Customer-focused systematic support,Health & Beauty,1216968.5,6734,2580
PROD_00219,Exclusive client-server algorithm,Automotive,1201107.6,6771,2608
PROD_00035,Diverse maximized implementation,Food & Beverages,1200793.6,6754,2621
PROD_00314,Grass-roots radical standardization,Baby Products,1199891.6,6730,2610
PROD_00155,Sharable interactive focus group,Toys & Games,1198946.8,6868,2643
PROD_00176,Total bi-directional implementation,Automotive,1198738.6,6736,2632
PROD_00232,Devolved maximized secured line,Toys & Games,1196942.9,6807,2608
PROD_00436,Balanced foreground synergy,Food & Beverages,1194858.9,6654,2568
PROD_00267,Optimized client-driven Local Area Network,Clothing,1194629.4,6897,2677
PROD_00017,Customer-focused background implementation,Toys & Games,1193620.5,6509,2517
PROD_00308,Organized dynamic system engine,Food & Beverages,1190730.1,7001,2692
PROD_00012,Reverse-engineered even-keeled workforce,Home & Garden,1186813.5,6663,2582
PROD_00339,Innovative 24/7 strategy,Books & Media,1184371.1,6705,2614
PROD_00322,Implemented directional initiative,Food & Beverages,1182059.2,6649,2547
PROD_00083,Streamlined holistic intranet,Jewelry,1164993.5,7058,2720
PROD_00153,Fundamental motivating matrix,Automotive,1164202.8,6809,2602
PROD_00385,Function-based 4thgeneration array,Home & Garden,1150116.8,7082,2710
PROD_00270,Persevering fresh-thinking Graphical User Interface,Clothing,1149445.5,6864,2689
PROD_00218,Integrated directional workforce,Baby Products,1143179.0,6776,2622
PROD_00020,Balanced upward-trending knowledgebase,Sports & Outdoors,1140036.8,6932,2668
PROD_00188,Right-sized intermediate hardware,Home & Garden,1139142.4,6838,2628
PROD_00350,Self-enabling systemic application,Electronics,1137655.2,6794,2622
PROD_00119,Implemented didactic approach,Jewelry,1131811.8,6959,2700
PROD_00460,Multi-channeled holistic Internet solution,Home & Garden,1122348.6,6709,2602
PROD_00276,Cloned zero-defect projection,Furniture,1121770.2,7001,2677
PROD_00411,Decentralized 4thgeneration product,Electronics,1112895.9,6871,2619
PROD_00113,Centralized composite implementation,Pet Supplies,1111990.9,6812,2615
PROD_00076,Visionary clear-thinking capacity,Baby Products,1109279.5,6606,2555
PROD_00409,Reactive clear-thinking forecast,Health & Beauty,1104654.9,6924,2656
PROD_00366,Organized system-worthy policy,Automotive,1103592.6,6773,2578
PROD_00210,Robust solution-oriented Graphic Interface,Food & Beverages,1103097.1,6603,2570
PROD_00048,Optimized optimal initiative,Jewelry,1099243.8,6775,2582
PROD_00447,Team-oriented hybrid projection,Pet Supplies,1098285.0,6854,2662
PROD_00226,Streamlined system-worthy ability,Toys & Games,1087252.5,6901,2658
PROD_00209,Optional zero tolerance paradigm,Electronics,1086898.4,6761,2632
PROD_00043,Streamlined modular infrastructure,Furniture,1078173.6,6639,2587
PROD_00348,Customizable asymmetric initiative,Office Supplies,1074412.6,7062,2716
PROD_00158,Fundamental cohesive support,Electronics,1069148.2,6651,2596
PROD_00395,Managed fresh-thinking secured line,Toys & Games,1067902.9,6808,2628
PROD_00293,Synergized radical workforce,Tools & Hardware,1062428.6,7022,2722
PROD_00138,Persevering regional open system,Food & Beverages,1054407.1,6963,2689
PROD_00216,Secured full-range array,Pet Supplies,1053961.9,6732,2609
PROD_00275,Monitored directional projection,Health & Beauty,1043696.7,6852,2627
PROD_00245,Quality-focused attitude-oriented challenge,Tools & Hardware,1043483.5,6464,2521
PROD_00134,Front-line empowering infrastructure,Pet Supplies,1040743.3,7033,2700
PROD_00108,Reactive bandwidth-monitored application,Baby Products,1038843.94,6751,2571
PROD_00059,Future-proofed zero administration project,Clothing,1034218.44,6836,2620
PROD_00093,Pre-emptive didactic moratorium,Furniture,1030715.0,6860,2665
PROD_00371,Fundamental zero tolerance utilization,Home & Garden,1028900.94,6863,2630
PROD_00041,Cloned didactic open system,Toys & Games,1026528.4,7172,2735
PROD_00256,Networked intangible monitoring,Automotive,1024636.6,6830,2634
PROD_00306,Reverse-engineered encompassing Graphic Interface,Health & Beauty,1018574.4,6957,2654
PROD_00052,Distributed responsive complexity,Sports & Outdoors,1015342.2,6606,2571
PROD_00092,Front-line even-keeled secured line,Tools & Hardware,1009434.25,6809,2625
PROD_00085,Fully-configurable directional architecture,Electronics,1001076.44,6734,2612
PROD_00365,Diverse 24hour installation,Electronics,991954.2,6797,2640
PROD_00057,Synergized uniform budgetary management,Toys & Games,990516.06,6618,2538
PROD_00449,Public-key homogeneous functionalities,Clothing,987986.1,6629,2522
PROD_00418,Implemented multimedia strategy,Health & Beauty,974392.25,6746,2613
PROD_00255,Multi-channeled exuding system engine,Home & Garden,970856.2,6803,2613
PROD_00341,Balanced actuating neural-net,Baby Products,966807.0,6675,2579
PROD_00241,Pre-emptive responsive encoding,Automotive,964411.3,6658,2544
PROD_00488,Visionary stable software,Tools & Hardware,960210.75,6763,2608
PROD_00477,Multi-tiered object-oriented help-desk,Jewelry,955675.94,6774,2586
PROD_00135,De-engineered static project,Electronics,954182.6,6819,2674
PROD_00311,Assimilated modular Graphic Interface,Toys & Games,949144.9,6822,2628
PROD_00190,Optional real-time migration,Tools & Hardware,944199.25,6897,2620
PROD_00333,Enterprise-wide content-based data-warehouse,Home & Garden,942175.7,6816,2639
PROD_00036,Future-proofed scalable solution,Food & Beverages,940094.1,6612,2548
PROD_00328,Total logistical flexibility,Office Supplies,928680.06,6815,2619
PROD_00291,Self-enabling dynamic benchmark,Books & Media,926568.8,6807,2663
PROD_00008,Profit-focused real-time algorithm,Furniture,921911.75,7084,2705
PROD_00390,Enhanced methodical model,Books & Media,898529.0,6859,2634
PROD_00212,Synergistic didactic migration,Health & Beauty,894670.06,6593,2535
PROD_00340,Public-key clear-thinking focus group,Food & Beverages,890246.94,6521,2519
PROD_00124,Diverse analyzing migration,Toys & Games,889997.75,6896,2686
PROD_00277,Balanced web-enabled algorithm,Clothing,888919.56,6497,2536
PROD_00381,Future-proofed motivating moratorium,Books & Media,882061.9,6697,2593
PROD_00478,Re-engineered explicit standardization,Food & Beverages,881771.7,6486,2503
PROD_00122,Centralized actuating paradigm,Tools & Hardware,880311.4,6740,2585
PROD_00296,Optimized stable hub,Food & Beverages,878935.2,6760,2586
PROD_00485,Multi-channeled directional productivity,Office Supplies,873530.4,7080,2697
PROD_00097,Cross-platform bandwidth-monitored protocol,Furniture,863401.9,6692,2588
PROD_00389,Balanced well-modulated system engine,Electronics,860364.3,6915,2629
PROD_00258,Robust directional matrix,Books & Media,860346.9,6615,2579
PROD_00483,User-friendly modular forecast,Tools & Hardware,853554.5,6748,2566
PROD_00325,Phased neutral moderator,Tools & Hardware,853147.0,6829,2630
PROD_00357,Organized leadingedge framework,Furniture,851154.0,6702,2574
PROD_00283,Visionary holistic concept,Baby Products,844371.0,6857,2615
PROD_00154,Function-based actuating array,Food & Beverages,842414.6,6774,2625
PROD_00251,Expanded intangible info-mediaries,Food & Beverages,833869.4,6964,2649
PROD_00180,Assimilated stable core,Furniture,833185.2,6821,2655
PROD_00203,Reactive clear-thinking core,Toys & Games,831151.8,6705,2595
PROD_00193,Triple-buffered intermediate ability,Books & Media,826226.7,6946,2664
PROD_00172,Assimilated context-sensitive support,Pet Supplies,825051.4,6899,2619
PROD_00437,Phased tertiary workforce,Office Supplies,823267.75,6891,2670
PROD_00099,Open-source maximized superstructure,Furniture,822316.5,7081,2685
PROD_00294,Decentralized non-volatile toolset,Electronics,821440.4,6959,2677
PROD_00191,Customizable human-resource orchestration,Sports & Outdoors,814218.5,7027,2661
PROD_00305,Persistent intermediate superstructure,Home & Garden,810072.1,6763,2616
PROD_00065,Self-enabling exuding productivity,Sports & Outdoors,809816.4,6735,2585
PROD_00377,Integrated radical synergy,Pet Supplies,808684.6,6634,2535
PROD_00198,Managed regional functionalities,Electronics,807593.06,6516,2534
PROD_00195,Up-sized user-facing support,Pet Supplies,802466.3,6854,2627
PROD_00009,Realigned dedicated structure,Office Supplies,798884.9,6627,2584
PROD_00359,Re-contextualized regional approach,Tools & Hardware,797173.7,6961,2691
PROD_00425,Operative global toolset,Tools & Hardware,796928.44,6876,2649
PROD_00223,Re-engineered content-based structure,Clothing,796311.9,6733,2595
PROD_00015,Mandatory even-keeled collaboration,Clothing,795129.44,6841,2608
PROD_00383,Right-sized 6thgeneration Internet solution,Clothing,789772.3,6604,2547
PROD_00475,Innovative dedicated info-mediaries,Sports & Outdoors,785863.0,7006,2703
PROD_00304,Public-key zero-defect matrices,Tools & Hardware,777767.8,6807,2642
PROD_00252,Visionary optimal standardization,Toys & Games,759956.44,6678,2609
PROD_00088,Face-to-face 24hour archive,Office Supplies,757609.25,6829,2643
PROD_00063,Fundamental motivating task-force,Office Supplies,756774.7,6786,2668
PROD_00051,Versatile actuating budgetary management,Home & Garden,747849.5,7028,2691
PROD_00010,Streamlined tangible moratorium,Baby Products,741766.8,6711,2609
PROD_00130,Configurable intangible protocol,Pet Supplies,740407.56,6892,2669
PROD_00103,Customer-focused dynamic core,Sports & Outdoors,733691.2,6779,2625
PROD_00091,Managed asynchronous migration,Clothing,731484.2,6923,2632
PROD_00064,Enhanced motivating benchmark,Sports & Outdoors,730671.6,6585,2566
PROD_00361,Virtual demand-driven product,Jewelry,726638.56,6639,2580
PROD_00069,Progressive 24hour policy,Food & Beverages,722893.56,6869,2653
PROD_00237,Diverse value-added leverage,Baby Products,717511.4,6838,2619
PROD_00337,Cross-platform content-based frame,Food & Beverages,717338.94,6802,2652
PROD_00131,Reduced non-volatile model,Automotive,714935.7,6927,2683
PROD_00049,Multi-lateral directional challenge,Baby Products,711567.3,6618,2548
PROD_00309,Persistent non-volatile pricing structure,Office Supplies,708745.2,6792,2601
PROD_00259,Face-to-face encompassing Internet solution,Automotive,706403.4,6933,2682
PROD_00310,Synchronized homogeneous Graphical User Interface,Pet Supplies,702189.44,6791,2635
PROD_00077,Switchable methodical neural-net,Toys & Games,701166.0,6850,2680
PROD_00466,Proactive optimal circuit,Clothing,698938.1,6772,2600
PROD_00303,Streamlined encompassing pricing structure,Pet Supplies,698931.3,6768,2619
PROD_00272,Versatile intangible extranet,Pet Supplies,697588.94,7135,2757
PROD_00326,Monitored interactive synergy,Sports & Outdoors,694212.0,6640,2591
PROD_00060,Mandatory bifurcated frame,Health & Beauty,690959.6,6633,2575
PROD_00147,Switchable bi-directional challenge,Food & Beverages,689898.2,6789,2575
PROD_00454,Focused value-added array,Automotive,688873.8,6830,2622
PROD_00297,Cloned motivating project,Food & Beverages,683739.94,6761,2597
PROD_00420,Phased dynamic knowledgebase,Automotive,683194.1,6727,2586
PROD_00116,Total upward-trending toolset,Baby Products,682431.25,6917,2675
PROD_00444,Digitized incremental projection,Automotive,677771.6,6820,2660
PROD_00321,Organized 3rdgeneration array,Automotive,676122.3,6741,2586
PROD_00406,Secured web-enabled methodology,Food & Beverages,660725.6,6854,2640
PROD_00354,Virtual intangible portal,Tools & Hardware,657129.9,6715,2611
PROD_00462,Open-source non-volatile software,Jewelry,653651.7,6630,2555
PROD_00121,Centralized value-added functionalities,Pet Supplies,649292.8,6656,2571
PROD_00393,Sharable mobile array,Food & Beverages,646815.25,6805,2601
PROD_00217,Versatile disintermediate service-desk,Office Supplies,643512.3,6918,2639
PROD_00159,Organic neutral strategy,Automotive,641665.2,6637,2583
PROD_00106,Grass-roots maximized encryption,Toys & Games,630000.7,7097,2709
PROD_00382,Proactive leadingedge artificial intelligence,Office Supplies,628360.9,6995,2662
PROD_00087,Reactive discrete parallelism,Electronics,622094.2,6682,2581
PROD_00034,Public-key upward-trending encryption,Toys & Games,619450.25,6592,2562
PROD_00335,Up-sized optimizing task-force,Electronics,619408.25,6839,2599
PROD_00422,Ergonomic radical migration,Jewelry,607698.75,6768,2642
PROD_00213,Phased user-facing concept,Food & Beverages,597704.7,7190,2724
PROD_00331,Intuitive bottom-line synergy,Tools & Hardware,588181.94,7003,2700
PROD_00215,Profound stable productivity,Baby Products,587130.4,7220,2803
PROD_00152,Expanded systemic productivity,Furniture,586319.06,6872,2616
PROD_00194,Programmable national software,Health & Beauty,579536.6,6905,2646
PROD_00481,Re-contextualized systemic time-frame,Office Supplies,574778.2,6951,2642
PROD_00392,Enterprise-wide optimal Internet solution,Food & Beverages,564001.3,6848,2643
PROD_00192,Ergonomic eco-centric analyzer,Office Supplies,563380.0,6628,2577
PROD_00344,Customer-focused 24/7 orchestration,Pet Supplies,560223.8,6837,2630
PROD_00149,User-friendly neutral collaboration,Clothing,557158.56,7058,2677
PROD_00145,Streamlined multi-tasking access,Baby Products,549378.3,6627,2557
PROD_00442,Organic bandwidth-monitored moderator,Food & Beverages,548546.6,6641,2542
PROD_00497,Multi-lateral multi-tasking middleware,Health & Beauty,544862.6,6692,2576
PROD_00025,Cloned 6thgeneration protocol,Furniture,543141.7,6614,2556
PROD_00107,Compatible leadingedge workforce,Food & Beverages,540949.6,6971,2674
PROD_00375,Distributed encompassing circuit,Books & Media,539543.9,7103,2700
PROD_00248,Extended asymmetric instruction set,Office Supplies,525119.5,6867,2682
PROD_00495,Operative context-sensitive customer loyalty,Baby Products,516525.0,6887,2658
PROD_00463,Enterprise-wide composite conglomeration,Books & Media,514501.78,6540,2522
PROD_00056,Function-based neutral access,Electronics,513605.0,6678,2604
PROD_00137,Versatile asynchronous access,Clothing,511683.0,6477,2525
PROD_00075,Cloned well-modulated monitoring,Electronics,509654.9,6953,2663
PROD_00062,Adaptive uniform success,Sports & Outdoors,506844.25,6909,2632
PROD_00126,Right-sized asymmetric service-desk,Clothing,505486.28,6954,2659
PROD_00260,Pre-emptive 4thgeneration info-mediaries,Clothing,505243.16,6823,2629
PROD_00421,Reactive client-server info-mediaries,Electronics,500073.4,6909,2664
PROD_00380,Innovative tangible initiative,Food & Beverages,499408.94,6717,2604
PROD_00453,Self-enabling systemic forecast,Books & Media,493774.2,6643,2561
PROD_00351,Distributed coherent workforce,Food & Beverages,491505.28,6669,2568
PROD_00156,Balanced 24hour groupware,Health & Beauty,477812.0,6606,2532
PROD_00423,User-friendly client-driven architecture,Clothing,475265.53,6709,2582
PROD_00439,Streamlined coherent methodology,Food & Beverages,470026.2,6902,2633
PROD_00050,Profound modular array,Electronics,466902.4,6753,2596
PROD_00262,Open-architected uniform concept,Sports & Outdoors,457601.84,6694,2602
PROD_00047,Fundamental value-added paradigm,Baby Products,455016.9,6863,2675
PROD_00399,Virtual neutral alliance,Baby Products,454268.7,6767,2626
PROD_00367,Phased explicit alliance,Toys & Games,447840.06,6767,2606
PROD_00433,Inverse content-based standardization,Automotive,446289.47,6669,2563
PROD_00084,Programmable local capability,Furniture,442256.97,6499,2519
PROD_00117,Realigned stable structure,Baby Products,440425.44,6722,2605
PROD_00347,Business-focused eco-centric matrices,Automotive,440399.7,6538,2573
PROD_00006,Optimized 5thgeneration algorithm,Jewelry,437045.47,6778,2635
PROD_00030,Multi-layered heuristic database,Office Supplies,428398.72,7088,2675
PROD_00230,Persistent actuating open architecture,Furniture,426917.9,6721,2609
PROD_00029,Sharable high-level complexity,Electronics,425890.5,7050,2710
PROD_00109,Streamlined needs-based access,Furniture,406883.97,6887,2651
PROD_00415,Cross-group directional budgetary management,Toys & Games,389617.9,6902,2687
PROD_00489,Devolved responsive attitude,Baby Products,389574.0,6900,2640
PROD_00379,Decentralized maximized solution,Office Supplies,382064.97,6808,2597
PROD_00456,Sharable tertiary attitude,Sports & Outdoors,377313.78,6554,2526
PROD_00493,Upgradable clear-thinking array,Food & Beverages,376341.9,6668,2596
PROD_00233,Progressive next generation policy,Books & Media,373008.5,6803,2648
PROD_00125,Configurable contextually-based architecture,Electronics,369617.2,6999,2703
PROD_00133,Synchronized transitional functionalities,Home & Garden,364095.97,6817,2660
PROD_00264,Public-key 4thgeneration infrastructure,Jewelry,358874.2,6793,2625
PROD_00376,Compatible analyzing concept,Health & Beauty,348951.3,6531,2517
PROD_00469,Synchronized 24/7 website,Office Supplies,346960.12,6838,2616
PROD_00100,Business-focused systematic projection,Food & Beverages,341435.34,6608,2563
PROD_00066,Profit-focused real-time customer loyalty,Electronics,335105.84,7277,2792
PROD_00189,Upgradable zero tolerance functionalities,Clothing,332931.9,6568,2555
PROD_00496,De-engineered zero tolerance moratorium,Automotive,331928.06,6763,2636
PROD_00288,Re-engineered systematic implementation,Food & Beverages,329172.6,6569,2550
PROD_00316,Programmable content-based artificial intelligence,Tools & Hardware,319909.0,6865,2651
PROD_00387,Reverse-engineered 3rdgeneration task-force,Furniture,316271.8,6695,2599
PROD_00490,Self-enabling secondary analyzer,Health & Beauty,314947.22,6711,2554
PROD_00342,Implemented tangible capacity,Food & Beverages,310582.9,6551,2555
PROD_00061,Optional cohesive knowledgebase,Jewelry,301086.44,6795,2634
PROD_00227,Versatile zero administration benchmark,Furniture,297725.12,6622,2549
PROD_00027,Configurable discrete attitude,Furniture,289833.6,6720,2597
PROD_00199,Switchable bottom-line success,Furniture,284894.62,6981,2674
PROD_00105,Devolved interactive contingency,Electronics,282294.47,6747,2644
PROD_00394,Phased grid-enabled installation,Electronics,274738.3,6557,2549
PROD_00120,Reduced user-facing moratorium,Home & Garden,271701.72,6679,2565
PROD_00254,Multi-tiered mission-critical ability,Jewelry,259256.0,7045,2675
PROD_00356,Vision-oriented multi-state implementation,Food & Beverages,257415.61,6828,2631
PROD_00319,Front-line system-worthy leverage,Toys & Games,254957.3,6761,2618
PROD_00432,Quality-focused homogeneous knowledgebase,Furniture,254057.84,6872,2644
PROD_00238,Organized empowering system engine,Sports & Outdoors,253712.77,6846,2668
PROD_00181,Open-architected full-range focus group,Home & Garden,249395.08,6829,2670
PROD_00494,Implemented fresh-thinking synergy,Jewelry,244734.95,6785,2651
PROD_00072,Integrated disintermediate approach,Automotive,241052.75,6903,2676
PROD_00408,Business-focused demand-driven flexibility,Baby Products,240908.17,6504,2527
PROD_00166,Balanced heuristic database,Automotive,239236.9,6851,2640
PROD_00169,Realigned incremental process improvement,Office Supplies,238253.81,6620,2564
PROD_00363,Configurable cohesive encoding,Books & Media,236243.16,6721,2597
PROD_00040,Intuitive impactful flexibility,Baby Products,229325.25,6897,2642
PROD_00179,Integrated discrete definition,Food & Beverages,228757.45,6681,2567
PROD_00373,Exclusive interactive budgetary management,Toys & Games,228179.84,6944,2660
PROD_00250,Persistent intangible approach,Baby Products,222457.05,6735,2610
PROD_00388,Synergistic encompassing orchestration,Clothing,220490.61,6710,2570
PROD_00003,Face-to-face client-driven support,Food & Beverages,218970.08,7091,2724
PROD_00102,Open-architected upward-trending Graphical User Interface,Jewelry,201845.84,6717,2579
PROD_00427,Horizontal uniform framework,Health & Beauty,196590.23,7092,2735
PROD_00441,Reverse-engineered full-range attitude,Health & Beauty,193732.23,6836,2631
PROD_00161,Customizable asynchronous solution,Food & Beverages,192869.6,6820,2630
PROD_00023,Self-enabling regional hierarchy,Tools & Hardware,190503.0,6940,2661
PROD_00279,Secured coherent encoding,Clothing,190383.84,6984,2660
PROD_00445,Distributed asynchronous leverage,Office Supplies,185085.0,6855,2647
PROD_00355,Right-sized regional definition,Pet Supplies,182812.48,6883,2637
PROD_00334,User-centric mission-critical focus group,Sports & Outdoors,182441.83,6882,2634
PROD_00171,Diverse context-sensitive installation,Sports & Outdoors,180156.88,6892,2643
PROD_00177,Automated methodical definition,Baby Products,174555.03,6724,2571
PROD_00184,Open-architected systematic monitoring,Electronics,169901.61,6593,2566
PROD_00173,Managed zero tolerance installation,Clothing,169703.55,6705,2575
PROD_00044,Stand-alone logistical circuit,Furniture,164132.36,6836,2607
PROD_00231,Fully-configurable bottom-line knowledgebase,Office Supplies,163204.66,6895,2637
PROD_00471,Quality-focused cohesive archive,Pet Supplies,163006.8,6990,2702
PROD_00196,Synchronized dedicated hierarchy,Baby Products,162195.62,6694,2553
PROD_00391,Streamlined leadingedge focus group,Food & Beverages,161559.6,6665,2587
PROD_00343,Sharable web-enabled matrix,Furniture,159168.2,6753,2589
PROD_00499,Polarized explicit synergy,Health & Beauty,154812.75,6835,2617
PROD_00416,Persistent bottom-line project,Food & Beverages,146580.12,6684,2619
PROD_00317,Front-line uniform installation,Pet Supplies,145216.8,6723,2600
PROD_00410,Organic tangible matrix,Toys & Games,138926.52,6767,2615
PROD_00430,Public-key mission-critical hardware,Home & Garden,137814.58,6749,2619
PROD_00167,Synergized dynamic secured line,Pet Supplies,125234.2,6881,2637
PROD_00208,Innovative executive database,Health & Beauty,121094.4,6784,2673
PROD_00005,Quality-focused background parallelism,Sports & Outdoors,119251.23,6677,2572
PROD_00160,Optimized next generation access,Electronics,115701.72,6814,2651
PROD_00265,Reverse-engineered non-volatile protocol,Toys & Games,113662.74,6918,2679
PROD_00386,Focused systematic orchestration,Home & Garden,107256.24,6552,2548
PROD_00378,Re-contextualized executive intranet,Jewelry,101903.4,6780,2628
PROD_00094,De-engineered uniform orchestration,Electronics,92612.03,6601,2579
PROD_00186,Fundamental context-sensitive paradigm,Furniture,92562.96,6664,2591
PROD_00236,Optimized neutral knowledge user,Food & Beverages,91267.89,6909,2636
PROD_00132,Intuitive empowering database,Tools & Hardware,89345.28,6784,2650
PROD_00151,Expanded transitional Graphical User Interface,Furniture,88347.21,6951,2634
PROD_00338,Focused high-level conglomeration,Electronics,80030.88,6714,2589
PROD_00207,Open-architected neutral ability,Clothing,79752.0,6646,2580
PROD_00440,Automated clear-thinking middleware,Tools & Hardware,78409.516,6872,2646
PROD_00492,Automated optimal hierarchy,Baby Products,72220.64,6737,2563
PROD_00482,User-friendly actuating portal,Baby Products,72211.95,6977,2661
PROD_00111,Down-sized incremental matrix,Toys & Games,62520.75,6759,2587
PROD_00123,Polarized motivating moderator,Pet Supplies,60152.83,7019,2692
PROD_00474,Team-oriented eco-centric knowledgebase,Baby Products,56169.902,6735,2583
PROD_00146,Synchronized neutral framework,Jewelry,44371.6,6890,2660
PROD_00068,Diverse needs-based time-frame,Home & Garden,41078.8,6904,2625
PROD_00028,Multi-tiered even-keeled knowledgebase,Electronics,38368.89,6767,2623
PROD_00081,Team-oriented dedicated structure,Jewelry,25918.201,6930,2642
PROD_00461,Digitized dynamic moderator,Baby Products,19763.5,6815,2648
PROD_00458,Innovative 4thgeneration analyzer,Toys & Games,17350.74,6858,2628
PROD_00446,Fundamental global process improvement,Tools & Hardware,17231.15,6865,2625
PROD_00324,Switchable optimal hub,Automotive,15919.29,6717,2585
PROD_00243,Universal executive encoding,Furniture,12149.28,6864,2611
PROD_00001,Balanced fault-tolerant hierarchy,Office Supplies,0.0,0,0
PROD_00001,Balanced fault-tolerant hierarchy,Pet Supplies,0.0,0,0
PROD_00001,Balanced fault-tolerant hierarchy,Sports & Outdoors,0.0,0,0
PROD_00001,Balanced fault-tolerant hierarchy,Tools & Hardware,0.0,0,0
PROD_00001,Balanced fault-tolerant hierarchy,Toys & Games,0.0,0,0
PROD_00001,Balanced foreground synergy,Automotive,0.0,0,0
PROD_00001,Balanced foreground synergy,Baby Products,0.0,0,0
PROD_00001,Balanced foreground synergy,Books & Media,0.0,0,0
PROD_00001,Balanced foreground synergy,Clothing,0.0,0,0
PROD_00001,Balanced foreground synergy,Electronics,0.0,0,0
PROD_00001,Balanced foreground synergy,Food & Beverages,0.0,0,0
PROD_00001,Balanced foreground synergy,Furniture,0.0,0,0
PROD_00001,Balanced foreground synergy,Health & Beauty,0.0,0,0
PROD_00001,Balanced foreground synergy,Home & Garden,0.0,0,0
PROD_00001,Balanced foreground synergy,Jewelry,0.0,0,0
PROD_00001,Balanced foreground synergy,Office Supplies,0.0,0,0
PROD_00001,Balanced foreground synergy,Pet Supplies,0.0,0,0
PROD_00001,Balanced foreground synergy,Sports & Outdoors,0.0,0,0
PROD_00001,Balanced foreground synergy,Tools & Hardware,0.0,0,0
PROD_00001,Balanced foreground synergy,Toys & Games,0.0,0,0
PROD_00001,Balanced grid-enabled monitoring,Automotive,0.0,0,0
PROD_00001,Balanced grid-enabled monitoring,Baby Products,0.0,0,0
PROD_00001,Balanced grid-enabled monitoring,Books & Media,0.0,0,0
PROD_00001,Balanced grid-enabled monitoring,Clothing,0.0,0,0
PROD_00001,Balanced grid-enabled monitoring,Electronics,0.0,0,0
PROD_00001,Balanced grid-enabled monitoring,Food & Beverages,0.0,0,0
PROD_00001,Balanced grid-enabled monitoring,Furniture,0.0,0,0
PROD_00001,Balanced grid-enabled monitoring,Health & Beauty,0.0,0,0
PROD_00001,Balanced grid-enabled monitoring,Home & Garden,0.0,0,0
PROD_00001,Balanced grid-enabled monitoring,Jewelry,0.0,0,0
PROD_00001,Balanced grid-enabled monitoring,Office Supplies,0.0,0,0
PROD_00001,Balanced grid-enabled monitoring,Pet Supplies,0.0,0,0
PROD_00001,Balanced grid-enabled monitoring,Sports & Outdoors,0.0,0,0
PROD_00001,Balanced grid-enabled monitoring,Tools & Hardware,0.0,0,0
PROD_00001,Balanced grid-enabled monitoring,Toys & Games,0.0,0,0
PROD_00001,Balanced heuristic database,Automotive,0.0,0,0
PROD_00001,Balanced heuristic database,Baby Products,0.0,0,0
PROD_00001,Balanced heuristic database,Books & Media,0.0,0,0
PROD_00001,Balanced heuristic database,Clothing,0.0,0,0
PROD_00001,Balanced heuristic database,Electronics,0.0,0,0
PROD_00001,Balanced heuristic database,Food & Beverages,0.0,0,0
PROD_00001,Balanced heuristic database,Furniture,0.0,0,0
PROD_00001,Balanced heuristic database,Health & Beauty,0.0,0,0
PROD_00001,Balanced heuristic database,Home & Garden,0.0,0,0
PROD_00001,Balanced heuristic database,Jewelry,0.0,0,0
PROD_00001,Balanced heuristic database,Office Supplies,0.0,0,0
PROD_00001,Balanced heuristic database,Pet Supplies,0.0,0,0
PROD_00001,Balanced heuristic database,Sports & Outdoors,0.0,0,0
PROD_00001,Balanced heuristic database,Tools & Hardware,0.0,0,0
PROD_00001,Balanced heuristic database,Toys & Games,0.0,0,0
PROD_00001,Balanced upward-trending knowledgebase,Automotive,0.0,0,0
PROD_00001,Balanced upward-trending knowledgebase,Baby Products,0.0,0,0
PROD_00001,Balanced upward-trending knowledgebase,Books & Media,0.0,0,0
PROD_00001,Balanced upward-trending knowledgebase,Clothing,0.0,0,0
PROD_00001,Balanced upward-trending knowledgebase,Electronics,0.0,0,0
PROD_00001,Balanced upward-trending knowledgebase,Food & Beverages,0.0,0,0
PROD_00001,Balanced upward-trending knowledgebase,Furniture,0.0,0,0
PROD_00001,Balanced upward-trending knowledgebase,Health & Beauty,0.0,0,0
PROD_00001,Balanced upward-trending knowledgebase,Home & Garden,0.0,0,0
PROD_00001,Balanced upward-trending knowledgebase,Jewelry,0.0,0,0
PROD_00001,Balanced upward-trending knowledgebase,Office Supplies,0.0,0,0
PROD_00001,Balanced upward-trending knowledgebase,Pet Supplies,0.0,0,0
PROD_00001,Balanced upward-trending knowledgebase,Sports & Outdoors,0.0,0,0
PROD_00001,Balanced upward-trending knowledgebase,Tools & Hardware,0.0,0,0
PROD_00001,Balanced upward-trending knowledgebase,Toys & Games,0.0,0,0
PROD_00001,Balanced web-enabled algorithm,Automotive,0.0,0,0
PROD_00001,Balanced web-enabled algorithm,Baby Products,0.0,0,0
PROD_00001,Balanced web-enabled algorithm,Books & Media,0.0,0,0
PROD_00001,Balanced web-enabled algorithm,Clothing,0.0,0,0
PROD_00001,Balanced web-enabled algorithm,Electronics,0.0,0,0
PROD_00001,Balanced web-enabled algorithm,Food & Beverages,0.0,0,0
PROD_00001,Balanced web-enabled algorithm,Furniture,0.0,0,0
PROD_00001,Balanced web-enabled algorithm,Health & Beauty,0.0,0,0
PROD_00001,Balanced web-enabled algorithm,Home & Garden,0.0,0,0
PROD_00001,Balanced web-enabled algorithm,Jewelry,0.0,0,0
PROD_00001,Balanced web-enabled algorithm,Office Supplies,0.0,0,0
PROD_00001,Balanced web-enabled algorithm,Pet Supplies,0.0,0,0
PROD_00001,Balanced web-enabled algorithm,Sports & Outdoors,0.0,0,0
PROD_00001,Balanced web-enabled algorithm,Tools & Hardware,0.0,0,0
PROD_00001,Balanced web-enabled algorithm,Toys & Games,0.0,0,0
PROD_00001,Balanced well-modulated system engine,Automotive,0.0,0,0
PROD_00001,Balanced well-modulated system engine,Baby Products,0.0,0,0
PROD_00001,Balanced well-modulated system engine,Books & Media,0.0,0,0
PROD_00001,Balanced well-modulated system engine,Clothing,0.0,0,0
PROD_00001,Balanced well-modulated system engine,Electronics,0.0,0,0
PROD_00001,Balanced well-modulated system engine,Food & Beverages,0.0,0,0
PROD_00001,Balanced well-modulated system engine,Furniture,0.0,0,0
PROD_00001,Balanced well-modulated system engine,Health & Beauty,0.0,0,0
PROD_00001,Balanced well-modulated system engine,Home & Garden,0.0,0,0
PROD_00001,Balanced well-modulated system engine,Jewelry,0.0,0,0
PROD_00001,Balanced well-modulated system engine,Office Supplies,0.0,0,0
PROD_00001,Balanced well-modulated system engine,Pet Supplies,0.0,0,0
PROD_00001,Balanced well-modulated system engine,Sports & Outdoors,0.0,0,0
PROD_00001,Balanced well-modulated system engine,Tools & Hardware,0.0,0,0
PROD_00001,Balanced well-modulated system engine,Toys & Games,0.0,0,0
PROD_00001,Business-focused demand-driven flexibility,Automotive,0.0,0,0
PROD_00001,Business-focused demand-driven flexibility,Baby Products,0.0,0,0
PROD_00001,Business-focused demand-driven flexibility,Books & Media,0.0,0,0
PROD_00001,Business-focused demand-driven flexibility,Clothing,0.0,0,0
PROD_00001,Business-focused demand-driven flexibility,Electronics,0.0,0,0
PROD_00001,Business-focused demand-driven flexibility,Food & Beverages,0.0,0,0
PROD_00001,Business-focused demand-driven flexibility,Furniture,0.0,0,0
PROD_00001,Business-focused demand-driven flexibility,Health & Beauty,0.0,0,0
PROD_00001,Business-focused demand-driven flexibility,Home & Garden,0.0,0,0
PROD_00001,Business-focused demand-driven flexibility,Jewelry,0.0,0,0
PROD_00001,Business-focused demand-driven flexibility,Office Supplies,0.0,0,0
PROD_00001,Business-focused demand-driven flexibility,Pet Supplies,0.0,0,0
PROD_00001,Business-focused demand-driven flexibility,Sports & Outdoors,0.0,0,0
PROD_00001,Business-focused demand-driven flexibility,Tools & Hardware,0.0,0,0
PROD_00001,Business-focused demand-driven flexibility,Toys & Games,0.0,0,0
PROD_00001,Business-focused eco-centric matrices,Automotive,0.0,0,0
PROD_00001,Business-focused eco-centric matrices,Baby Products,0.0,0,0
PROD_00001,Business-focused eco-centric matrices,Books & Media,0.0,0,0
PROD_00001,Business-focused eco-centric matrices,Clothing,0.0,0,0
PROD_00001,Business-focused eco-centric matrices,Electronics,0.0,0,0
PROD_00001,Business-focused eco-centric matrices,Food & Beverages,0.0,0,0
PROD_00001,Business-focused eco-centric matrices,Furniture,0.0,0,0
PROD_00001,Business-focused eco-centric matrices,Health & Beauty,0.0,0,0
PROD_00001,Business-focused eco-centric matrices,Home & Garden,0.0,0,0
PROD_00001,Business-focused eco-centric matrices,Jewelry,0.0,0,0
PROD_00001,Business-focused eco-centric matrices,Office Supplies,0.0,0,0
PROD_00001,Business-focused eco-centric matrices,Pet Supplies,0.0,0,0
PROD_00001,Business-focused eco-centric matrices,Sports & Outdoors,0.0,0,0
PROD_00001,Business-focused eco-centric matrices,Tools & Hardware,0.0,0,0
PROD_00001,Business-focused eco-centric matrices,Toys & Games,0.0,0,0
PROD_00001,Business-focused systematic projection,Automotive,0.0,0,0
PROD_00001,Business-focused systematic projection,Baby Products,0.0,0,0
PROD_00001,Business-focused systematic projection,Books & Media,0.0,0,0
PROD_00001,Business-focused systematic projection,Clothing,0.0,0,0
PROD_00001,Business-focused systematic projection,Electronics,0.0,0,0
PROD_00001,Business-focused systematic projection,Food & Beverages,0.0,0,0
PROD_00001,Business-focused systematic projection,Furniture,0.0,0,0
PROD_00001,Business-focused systematic projection,Health & Beauty,0.0,0,0
PROD_00001,Business-focused systematic projection,Home & Garden,0.0,0,0
PROD_00001,Business-focused systematic projection,Jewelry,0.0,0,0
PROD_00001,Business-focused systematic projection,Office Supplies,0.0,0,0
PROD_00001,Business-focused systematic projection,Pet Supplies,0.0,0,0
PROD_00001,Business-focused systematic projection,Sports & Outdoors,0.0,0,0
PROD_00001,Business-focused systematic projection,Tools & Hardware,0.0,0,0
PROD_00001,Business-focused systematic projection,Toys & Games,0.0,0,0
PROD_00001,Centralized actuating paradigm,Automotive,0.0,0,0
PROD_00001,Centralized actuating paradigm,Baby Products,0.0,0,0
PROD_00001,Centralized actuating paradigm,Books & Media,0.0,0,0
PROD_00001,Centralized actuating paradigm,Clothing,0.0,0,0
PROD_00001,Centralized actuating paradigm,Electronics,0.0,0,0
PROD_00001,Centralized actuating paradigm,Food & Beverages,0.0,0,0
PROD_00001,Centralized actuating paradigm,Furniture,0.0,0,0
PROD_00001,Centralized actuating paradigm,Health & Beauty,0.0,0,0
PROD_00001,Centralized actuating paradigm,Home & Garden,0.0,0,0
PROD_00001,Centralized actuating paradigm,Jewelry,0.0,0,0
PROD_00001,Centralized actuating paradigm,Office Supplies,0.0,0,0
PROD_00001,Centralized actuating paradigm,Pet Supplies,0.0,0,0
PROD_00001,Centralized actuating paradigm,Sports & Outdoors,0.0,0,0
PROD_00001,Centralized actuating paradigm,Tools & Hardware,0.0,0,0
PROD_00001,Centralized actuating paradigm,Toys & Games,0.0,0,0
PROD_00001,Centralized composite implementation,Automotive,0.0,0,0
PROD_00001,Centralized composite implementation,Baby Products,0.0,0,0
PROD_00001,Centralized composite implementation,Books & Media,0.0,0,0
PROD_00001,Centralized composite implementation,Clothing,0.0,0,0
PROD_00001,Centralized composite implementation,Electronics,0.0,0,0
PROD_00001,Centralized composite implementation,Food & Beverages,0.0,0,0
PROD_00001,Centralized composite implementation,Furniture,0.0,0,0
PROD_00001,Centralized composite implementation,Health & Beauty,0.0,0,0
PROD_00001,Centralized composite implementation,Home & Garden,0.0,0,0
PROD_00001,Centralized composite implementation,Jewelry,0.0,0,0
PROD_00001,Centralized composite implementation,Office Supplies,0.0,0,0
PROD_00001,Centralized composite implementation,Pet Supplies,0.0,0,0
PROD_00001,Centralized composite implementation,Sports & Outdoors,0.0,0,0
PROD_00001,Centralized composite implementation,Tools & Hardware,0.0,0,0
PROD_00001,Centralized composite implementation,Toys & Games,0.0,0,0
PROD_00001,Centralized discrete alliance,Automotive,0.0,0,0
PROD_00001,Centralized discrete alliance,Baby Products,0.0,0,0
PROD_00001,Centralized discrete alliance,Books & Media,0.0,0,0
PROD_00001,Centralized discrete alliance,Clothing,0.0,0,0
PROD_00001,Centralized discrete alliance,Electronics,0.0,0,0
PROD_00001,Centralized discrete alliance,Food & Beverages,0.0,0,0
PROD_00001,Centralized discrete alliance,Furniture,0.0,0,0
PROD_00001,Centralized discrete alliance,Health & Beauty,0.0,0,0
PROD_00001,Centralized discrete alliance,Home & Garden,0.0,0,0
PROD_00001,Centralized discrete alliance,Jewelry,0.0,0,0
PROD_00001,Centralized discrete alliance,Office Supplies,0.0,0,0
PROD_00001,Centralized discrete alliance,Pet Supplies,0.0,0,0
PROD_00001,Centralized discrete alliance,Sports & Outdoors,0.0,0,0
PROD_00001,Centralized discrete alliance,Tools & Hardware,0.0,0,0
PROD_00001,Centralized discrete alliance,Toys & Games,0.0,0,0
PROD_00001,Centralized value-added functionalities,Automotive,0.0,0,0
PROD_00001,Centralized value-added functionalities,Baby Products,0.0,0,0
PROD_00001,Centralized value-added functionalities,Books & Media,0.0,0,0
PROD_00001,Centralized value-added functionalities,Clothing,0.0,0,0
PROD_00001,Centralized value-added functionalities,Electronics,0.0,0,0
PROD_00001,Centralized value-added functionalities,Food & Beverages,0.0,0,0
PROD_00001,Centralized value-added functionalities,Furniture,0.0,0,0
PROD_00001,Centralized value-added functionalities,Health & Beauty,0.0,0,0
PROD_00001,Centralized value-added functionalities,Home & Garden,0.0,0,0
PROD_00001,Centralized value-added functionalities,Jewelry,0.0,0,0
PROD_00001,Centralized value-added functionalities,Office Supplies,0.0,0,0
PROD_00001,Centralized value-added functionalities,Pet Supplies,0.0,0,0
PROD_00001,Centralized value-added functionalities,Sports & Outdoors,0.0,0,0
PROD_00001,Centralized value-added functionalities,Tools & Hardware,0.0,0,0
PROD_00001,Centralized value-added functionalities,Toys & Games,0.0,0,0
PROD_00001,Cloned 6thgeneration protocol,Automotive,0.0,0,0
PROD_00001,Cloned 6thgeneration protocol,Baby Products,0.0,0,0
PROD_00001,Cloned 6thgeneration protocol,Books & Media,0.0,0,0
PROD_00001,Cloned 6thgeneration protocol,Clothing,0.0,0,0
PROD_00001,Cloned 6thgeneration protocol,Electronics,0.0,0,0
PROD_00001,Cloned 6thgeneration protocol,Food & Beverages,0.0,0,0
PROD_00001,Cloned 6thgeneration protocol,Furniture,0.0,0,0
PROD_00001,Cloned 6thgeneration protocol,Health & Beauty,0.0,0,0
PROD_00001,Cloned 6thgeneration protocol,Home & Garden,0.0,0,0
PROD_00001,Cloned 6thgeneration protocol,Jewelry,0.0,0,0
PROD_00001,Cloned 6thgeneration protocol,Office Supplies,0.0,0,0
PROD_00001,Cloned 6thgeneration protocol,Pet Supplies,0.0,0,0
PROD_00001,Cloned 6thgeneration protocol,Sports & Outdoors,0.0,0,0
PROD_00001,Cloned 6thgeneration protocol,Tools & Hardware,0.0,0,0
PROD_00001,Cloned 6thgeneration protocol,Toys & Games,0.0,0,0
PROD_00001,Cloned didactic open system,Automotive,0.0,0,0
PROD_00001,Cloned didactic open system,Baby Products,0.0,0,0
PROD_00001,Cloned didactic open system,Books & Media,0.0,0,0
PROD_00001,Cloned didactic open system,Clothing,0.0,0,0
PROD_00001,Cloned didactic open system,Electronics,0.0,0,0
PROD_00001,Cloned didactic open system,Food & Beverages,0.0,0,0
PROD_00001,Cloned didactic open system,Furniture,0.0,0,0
PROD_00001,Cloned didactic open system,Health & Beauty,0.0,0,0
PROD_00001,Cloned didactic open system,Home & Garden,0.0,0,0
PROD_00001,Cloned didactic open system,Jewelry,0.0,0,0
PROD_00001,Cloned didactic open system,Office Supplies,0.0,0,0
PROD_00001,Cloned didactic open system,Pet Supplies,0.0,0,0
PROD_00001,Cloned didactic open system,Sports & Outdoors,0.0,0,0
PROD_00001,Cloned didactic open system,Tools & Hardware,0.0,0,0
PROD_00001,Cloned didactic open system,Toys & Games,0.0,0,0
PROD_00001,Cloned human-resource implementation,Automotive,0.0,0,0
PROD_00001,Cloned human-resource implementation,Baby Products,0.0,0,0
PROD_00001,Cloned human-resource implementation,Books & Media,0.0,0,0
PROD_00001,Cloned human-resource implementation,Clothing,0.0,0,0
PROD_00001,Cloned human-resource implementation,Electronics,0.0,0,0
PROD_00001,Cloned human-resource implementation,Food & Beverages,0.0,0,0
PROD_00001,Cloned human-resource implementation,Furniture,0.0,0,0
PROD_00001,Cloned human-resource implementation,Health & Beauty,0.0,0,0
PROD_00001,Cloned human-resource implementation,Home & Garden,0.0,0,0
PROD_00001,Cloned human-resource implementation,Jewelry,0.0,0,0
PROD_00001,Cloned human-resource implementation,Office Supplies,0.0,0,0
PROD_00001,Cloned human-resource implementation,Pet Supplies,0.0,0,0
PROD_00001,Cloned human-resource implementation,Sports & Outdoors,0.0,0,0
PROD_00001,Cloned human-resource implementation,Tools & Hardware,0.0,0,0
PROD_00001,Cloned human-resource implementation,Toys & Games,0.0,0,0
PROD_00001,Cloned motivating project,Automotive,0.0,0,0
PROD_00001,Cloned motivating project,Baby Products,0.0,0,0
PROD_00001,Cloned motivating project,Books & Media,0.0,0,0
PROD_00001,Cloned motivating project,Clothing,0.0,0,0
PROD_00001,Cloned motivating project,Electronics,0.0,0,0
PROD_00001,Cloned motivating project,Food & Beverages,0.0,0,0
PROD_00001,Cloned motivating project,Furniture,0.0,0,0
PROD_00001,Cloned motivating project,Health & Beauty,0.0,0,0
PROD_00001,Cloned motivating project,Home & Garden,0.0,0,0
PROD_00001,Cloned motivating project,Jewelry,0.0,0,0
PROD_00001,Cloned motivating project,Office Supplies,0.0,0,0
PROD_00001,Cloned motivating project,Pet Supplies,0.0,0,0
PROD_00001,Cloned motivating project,Sports & Outdoors,0.0,0,0
PROD_00001,Cloned motivating project,Tools & Hardware,0.0,0,0
PROD_00001,Cloned motivating project,Toys & Games,0.0,0,0
PROD_00001,Cloned well-modulated monitoring,Automotive,0.0,0,0
PROD_00001,Cloned well-modulated monitoring,Baby Products,0.0,0,0
PROD_00001,Cloned well-modulated monitoring,Books & Media,0.0,0,0
PROD_00001,Cloned well-modulated monitoring,Clothing,0.0,0,0
PROD_00001,Cloned well-modulated monitoring,Electronics,0.0,0,0
PROD_00001,Cloned well-modulated monitoring,Food & Beverages,0.0,0,0
PROD_00001,Cloned well-modulated monitoring,Furniture,0.0,0,0
PROD_00001,Cloned well-modulated monitoring,Health & Beauty,0.0,0,0
PROD_00001,Cloned well-modulated monitoring,Home & Garden,0.0,0,0
PROD_00001,Cloned well-modulated monitoring,Jewelry,0.0,0,0
PROD_00001,Cloned well-modulated monitoring,Office Supplies,0.0,0,0
PROD_00001,Cloned well-modulated monitoring,Pet Supplies,0.0,0,0
PROD_00001,Cloned well-modulated monitoring,Sports & Outdoors,0.0,0,0
PROD_00001,Cloned well-modulated monitoring,Tools & Hardware,0.0,0,0
PROD_00001,Cloned well-modulated monitoring,Toys & Games,0.0,0,0
PROD_00001,Cloned zero administration focus group,Automotive,0.0,0,0
PROD_00001,Cloned zero administration focus group,Baby Products,0.0,0,0
PROD_00001,Cloned zero administration focus group,Books & Media,0.0,0,0
PROD_00001,Cloned zero administration focus group,Clothing,0.0,0,0
PROD_00001,Cloned zero administration focus group,Electronics,0.0,0,0
PROD_00001,Cloned zero administration focus group,Food & Beverages,0.0,0,0
PROD_00001,Cloned zero administration focus group,Furniture,0.0,0,0
PROD_00001,Cloned zero administration focus group,Health & Beauty,0.0,0,0
PROD_00001,Cloned zero administration focus group,Home & Garden,0.0,0,0
PROD_00001,Cloned zero administration focus group,Jewelry,0.0,0,0
PROD_00001,Cloned zero administration focus group,Office Supplies,0.0,0,0
PROD_00001,Cloned zero administration focus group,Pet Supplies,0.0,0,0
PROD_00001,Cloned zero administration focus group,Sports & Outdoors,0.0,0,0
PROD_00001,Cloned zero administration focus group,Tools & Hardware,0.0,0,0
PROD_00001,Cloned zero administration focus group,Toys & Games,0.0,0,0
PROD_00001,Cloned zero-defect projection,Automotive,0.0,0,0
PROD_00001,Cloned zero-defect projection,Baby Products,0.0,0,0
PROD_00001,Cloned zero-defect projection,Books & Media,0.0,0,0
PROD_00001,Cloned zero-defect projection,Clothing,0.0,0,0
PROD_00001,Cloned zero-defect projection,Electronics,0.0,0,0
PROD_00001,Cloned zero-defect projection,Food & Beverages,0.0,0,0
PROD_00001,Cloned zero-defect projection,Furniture,0.0,0,0
PROD_00001,Cloned zero-defect projection,Health & Beauty,0.0,0,0
PROD_00001,Cloned zero-defect projection,Home & Garden,0.0,0,0
PROD_00001,Cloned zero-defect projection,Jewelry,0.0,0,0
PROD_00001,Cloned zero-defect projection,Office Supplies,0.0,0,0
PROD_00001,Cloned zero-defect projection,Pet Supplies,0.0,0,0
PROD_00001,Cloned zero-defect projection,Sports & Outdoors,0.0,0,0
PROD_00001,Cloned zero-defect projection,Tools & Hardware,0.0,0,0
PROD_00001,Cloned zero-defect projection,Toys & Games,0.0,0,0
PROD_00001,Compatible analyzing concept,Automotive,0.0,0,0
PROD_00001,Compatible analyzing concept,Baby Products,0.0,0,0
PROD_00001,Compatible analyzing concept,Books & Media,0.0,0,0
PROD_00001,Compatible analyzing concept,Clothing,0.0,0,0
PROD_00001,Compatible analyzing concept,Electronics,0.0,0,0
PROD_00001,Compatible analyzing concept,Food & Beverages,0.0,0,0
PROD_00001,Compatible analyzing concept,Furniture,0.0,0,0
PROD_00001,Compatible analyzing concept,Health & Beauty,0.0,0,0
PROD_00001,Compatible analyzing concept,Home & Garden,0.0,0,0
PROD_00001,Compatible analyzing concept,Jewelry,0.0,0,0
PROD_00001,Compatible analyzing concept,Office Supplies,0.0,0,0
PROD_00001,Compatible analyzing concept,Pet Supplies,0.0,0,0
PROD_00001,Compatible analyzing concept,Sports & Outdoors,0.0,0,0
PROD_00001,Compatible analyzing concept,Tools & Hardware,0.0,0,0
PROD_00001,Compatible analyzing concept,Toys & Games,0.0,0,0
PROD_00001,Compatible leadingedge workforce,Automotive,0.0,0,0
PROD_00001,Compatible leadingedge workforce,Baby Products,0.0,0,0
PROD_00001,Compatible leadingedge workforce,Books & Media,0.0,0,0
PROD_00001,Compatible leadingedge workforce,Clothing,0.0,0,0
PROD_00001,Compatible leadingedge workforce,Electronics,0.0,0,0
PROD_00001,Compatible leadingedge workforce,Food & Beverages,0.0,0,0
PROD_00001,Compatible leadingedge workforce,Furniture,0.0,0,0
PROD_00001,Compatible leadingedge workforce,Health & Beauty,0.0,0,0
PROD_00001,Compatible leadingedge workforce,Home & Garden,0.0,0,0
PROD_00001,Compatible leadingedge workforce,Jewelry,0.0,0,0
PROD_00001,Compatible leadingedge workforce,Office Supplies,0.0,0,0
PROD_00001,Compatible leadingedge workforce,Pet Supplies,0.0,0,0
PROD_00001,Compatible leadingedge workforce,Sports & Outdoors,0.0,0,0
PROD_00001,Compatible leadingedge workforce,Tools & Hardware,0.0,0,0
PROD_00001,Compatible leadingedge workforce,Toys & Games,0.0,0,0
PROD_00001,Compatible optimizing solution,Automotive,0.0,0,0
PROD_00001,Compatible optimizing solution,Baby Products,0.0,0,0
PROD_00001,Compatible optimizing solution,Books & Media,0.0,0,0
PROD_00001,Compatible optimizing solution,Clothing,0.0,0,0
PROD_00001,Compatible optimizing solution,Electronics,0.0,0,0
PROD_00001,Compatible optimizing solution,Food & Beverages,0.0,0,0
PROD_00001,Compatible optimizing solution,Furniture,0.0,0,0
PROD_00001,Compatible optimizing solution,Health & Beauty,0.0,0,0
PROD_00001,Compatible optimizing solution,Home & Garden,0.0,0,0
PROD_00001,Compatible optimizing solution,Jewelry,0.0,0,0
PROD_00001,Compatible optimizing solution,Office Supplies,0.0,0,0
PROD_00001,Compatible optimizing solution,Pet Supplies,0.0,0,0
PROD_00001,Compatible optimizing solution,Sports & Outdoors,0.0,0,0
PROD_00001,Compatible optimizing solution,Tools & Hardware,0.0,0,0
PROD_00001,Compatible optimizing solution,Toys & Games,0.0,0,0
PROD_00001,Compatible systemic emulation,Automotive,0.0,0,0
PROD_00001,Compatible systemic emulation,Baby Products,0.0,0,0
PROD_00001,Compatible systemic emulation,Books & Media,0.0,0,0
PROD_00001,Compatible systemic emulation,Clothing,0.0,0,0
PROD_00001,Compatible systemic emulation,Electronics,0.0,0,0
PROD_00001,Compatible systemic emulation,Food & Beverages,0.0,0,0
PROD_00001,Compatible systemic emulation,Furniture,0.0,0,0
PROD_00001,Compatible systemic emulation,Health & Beauty,0.0,0,0
PROD_00001,Compatible systemic emulation,Home & Garden,0.0,0,0
PROD_00001,Compatible systemic emulation,Jewelry,0.0,0,0
PROD_00001,Compatible systemic emulation,Office Supplies,0.0,0,0
PROD_00001,Compatible systemic emulation,Pet Supplies,0.0,0,0
PROD_00001,Compatible systemic emulation,Sports & Outdoors,0.0,0,0
PROD_00001,Compatible systemic emulation,Tools & Hardware,0.0,0,0
PROD_00001,Compatible systemic emulation,Toys & Games,0.0,0,0
PROD_00001,Configurable cohesive encoding,Automotive,0.0,0,0
PROD_00001,Configurable cohesive encoding,Baby Products,0.0,0,0
PROD_00001,Configurable cohesive encoding,Books & Media,0.0,0,0
PROD_00001,Configurable cohesive encoding,Clothing,0.0,0,0
PROD_00001,Configurable cohesive encoding,Electronics,0.0,0,0
PROD_00001,Configurable cohesive encoding,Food & Beverages,0.0,0,0
PROD_00001,Configurable cohesive encoding,Furniture,0.0,0,0
PROD_00001,Configurable cohesive encoding,Health & Beauty,0.0,0,0
PROD_00001,Configurable cohesive encoding,Home & Garden,0.0,0,0
PROD_00001,Configurable cohesive encoding,Jewelry,0.0,0,0
PROD_00001,Configurable cohesive encoding,Office Supplies,0.0,0,0
PROD_00001,Configurable cohesive encoding,Pet Supplies,0.0,0,0
PROD_00001,Configurable cohesive encoding,Sports & Outdoors,0.0,0,0
PROD_00001,Configurable cohesive encoding,Tools & Hardware,0.0,0,0
PROD_00001,Configurable cohesive encoding,Toys & Games,0.0,0,0
PROD_00001,Configurable contextually-based architecture,Automotive,0.0,0,0
PROD_00001,Configurable contextually-based architecture,Baby Products,0.0,0,0
PROD_00001,Configurable contextually-based architecture,Books & Media,0.0,0,0
PROD_00001,Configurable contextually-based architecture,Clothing,0.0,0,0
PROD_00001,Configurable contextually-based architecture,Electronics,0.0,0,0
PROD_00001,Configurable contextually-based architecture,Food & Beverages,0.0,0,0
PROD_00001,Configurable contextually-based architecture,Furniture,0.0,0,0
PROD_00001,Configurable contextually-based architecture,Health & Beauty,0.0,0,0
PROD_00001,Configurable contextually-based architecture,Home & Garden,0.0,0,0
PROD_00001,Configurable contextually-based architecture,Jewelry,0.0,0,0
PROD_00001,Configurable contextually-based architecture,Office Supplies,0.0,0,0
PROD_00001,Configurable contextually-based architecture,Pet Supplies,0.0,0,0
PROD_00001,Configurable contextually-based architecture,Sports & Outdoors,0.0,0,0
PROD_00001,Configurable contextually-based architecture,Tools & Hardware,0.0,0,0
PROD_00001,Configurable contextually-based architecture,Toys & Games,0.0,0,0
PROD_00001,Configurable discrete attitude,Automotive,0.0,0,0
PROD_00001,Configurable discrete attitude,Baby Products,0.0,0,0
PROD_00001,Configurable discrete attitude,Books & Media,0.0,0,0
PROD_00001,Configurable discrete attitude,Clothing,0.0,0,0
PROD_00001,Configurable discrete attitude,Electronics,0.0,0,0
PROD_00001,Configurable discrete attitude,Food & Beverages,0.0,0,0
PROD_00001,Configurable discrete attitude,Furniture,0.0,0,0
PROD_00001,Configurable discrete attitude,Health & Beauty,0.0,0,0
PROD_00001,Configurable discrete attitude,Home & Garden,0.0,0,0
PROD_00001,Configurable discrete attitude,Jewelry,0.0,0,0
PROD_00001,Configurable discrete attitude,Office Supplies,0.0,0,0
PROD_00001,Configurable discrete attitude,Pet Supplies,0.0,0,0
PROD_00001,Configurable discrete attitude,Sports & Outdoors,0.0,0,0
PROD_00001,Configurable discrete attitude,Tools & Hardware,0.0,0,0
PROD_00001,Configurable discrete attitude,Toys & Games,0.0,0,0
PROD_00001,Configurable full-range service-desk,Automotive,0.0,0,0
PROD_00001,Configurable full-range service-desk,Baby Products,0.0,0,0
PROD_00001,Configurable full-range service-desk,Books & Media,0.0,0,0
PROD_00001,Configurable full-range service-desk,Clothing,0.0,0,0
PROD_00001,Configurable full-range service-desk,Electronics,0.0,0,0
PROD_00001,Configurable full-range service-desk,Food & Beverages,0.0,0,0
PROD_00001,Configurable full-range service-desk,Furniture,0.0,0,0
PROD_00001,Configurable full-range service-desk,Health & Beauty,0.0,0,0
PROD_00001,Configurable full-range service-desk,Home & Garden,0.0,0,0
PROD_00001,Configurable full-range service-desk,Jewelry,0.0,0,0
PROD_00001,Configurable full-range service-desk,Office Supplies,0.0,0,0
PROD_00001,Configurable full-range service-desk,Pet Supplies,0.0,0,0
PROD_00001,Configurable full-range service-desk,Sports & Outdoors,0.0,0,0
PROD_00001,Configurable full-range service-desk,Tools & Hardware,0.0,0,0
PROD_00001,Configurable full-range service-desk,Toys & Games,0.0,0,0
PROD_00001,Configurable intangible protocol,Automotive,0.0,0,0
PROD_00001,Configurable intangible protocol,Baby Products,0.0,0,0
PROD_00001,Configurable intangible protocol,Books & Media,0.0,0,0
PROD_00001,Configurable intangible protocol,Clothing,0.0,0,0
PROD_00001,Configurable intangible protocol,Electronics,0.0,0,0
PROD_00001,Configurable intangible protocol,Food & Beverages,0.0,0,0
PROD_00001,Configurable intangible protocol,Furniture,0.0,0,0
PROD_00001,Configurable intangible protocol,Health & Beauty,0.0,0,0
PROD_00001,Configurable intangible protocol,Home & Garden,0.0,0,0
PROD_00001,Configurable intangible protocol,Jewelry,0.0,0,0
PROD_00001,Configurable intangible protocol,Office Supplies,0.0,0,0
PROD_00001,Configurable intangible protocol,Pet Supplies,0.0,0,0
PROD_00001,Configurable intangible protocol,Sports & Outdoors,0.0,0,0
PROD_00001,Configurable intangible protocol,Tools & Hardware,0.0,0,0
PROD_00001,Configurable intangible protocol,Toys & Games,0.0,0,0
PROD_00001,Configurable methodical adapter,Automotive,0.0,0,0
PROD_00001,Configurable methodical adapter,Baby Products,0.0,0,0
PROD_00001,Configurable methodical adapter,Books & Media,0.0,0,0
PROD_00001,Configurable methodical adapter,Clothing,0.0,0,0
PROD_00001,Configurable methodical adapter,Electronics,0.0,0,0
PROD_00001,Configurable methodical adapter,Food & Beverages,0.0,0,0
PROD_00001,Configurable methodical adapter,Furniture,0.0,0,0
PROD_00001,Configurable methodical adapter,Health & Beauty,0.0,0,0
PROD_00001,Configurable methodical adapter,Home & Garden,0.0,0,0
PROD_00001,Configurable methodical adapter,Jewelry,0.0,0,0
PROD_00001,Configurable methodical adapter,Office Supplies,0.0,0,0
PROD_00001,Configurable methodical adapter,Pet Supplies,0.0,0,0
PROD_00001,Configurable methodical adapter,Sports & Outdoors,0.0,0,0
PROD_00001,Configurable methodical adapter,Tools & Hardware,0.0,0,0
PROD_00001,Configurable methodical adapter,Toys & Games,0.0,0,0
PROD_00001,Configurable neutral frame,Automotive,0.0,0,0
PROD_00001,Configurable neutral frame,Baby Products,0.0,0,0
PROD_00001,Configurable neutral frame,Books & Media,0.0,0,0
PROD_00001,Configurable neutral frame,Clothing,0.0,0,0
PROD_00001,Configurable neutral frame,Electronics,0.0,0,0
PROD_00001,Configurable neutral frame,Food & Beverages,0.0,0,0
PROD_00001,Configurable neutral frame,Furniture,0.0,0,0
PROD_00001,Configurable neutral frame,Health & Beauty,0.0,0,0
PROD_00001,Configurable neutral frame,Home & Garden,0.0,0,0
PROD_00001,Configurable neutral frame,Jewelry,0.0,0,0
PROD_00001,Configurable neutral frame,Office Supplies,0.0,0,0
PROD_00001,Configurable neutral frame,Pet Supplies,0.0,0,0
PROD_00001,Configurable neutral frame,Sports & Outdoors,0.0,0,0
PROD_00001,Configurable neutral frame,Tools & Hardware,0.0,0,0
PROD_00001,Configurable neutral frame,Toys & Games,0.0,0,0
PROD_00001,Configurable reciprocal implementation,Automotive,0.0,0,0
PROD_00001,Configurable reciprocal implementation,Baby Products,0.0,0,0
PROD_00001,Configurable reciprocal implementation,Books & Media,0.0,0,0
PROD_00001,Configurable reciprocal implementation,Clothing,0.0,0,0
PROD_00001,Configurable reciprocal implementation,Electronics,0.0,0,0
PROD_00001,Configurable reciprocal implementation,Food & Beverages,0.0,0,0
PROD_00001,Configurable reciprocal implementation,Furniture,0.0,0,0
PROD_00001,Configurable reciprocal implementation,Health & Beauty,0.0,0,0
PROD_00001,Configurable reciprocal implementation,Home & Garden,0.0,0,0
PROD_00001,Configurable reciprocal implementation,Jewelry,0.0,0,0
PROD_00001,Configurable reciprocal implementation,Office Supplies,0.0,0,0
PROD_00001,Configurable reciprocal implementation,Pet Supplies,0.0,0,0
PROD_00001,Configurable reciprocal implementation,Sports & Outdoors,0.0,0,0
PROD_00001,Configurable reciprocal implementation,Tools & Hardware,0.0,0,0
PROD_00001,Configurable reciprocal implementation,Toys & Games,0.0,0,0
PROD_00001,Configurable upward-trending matrix,Automotive,0.0,0,0
PROD_00001,Configurable upward-trending matrix,Baby Products,0.0,0,0
PROD_00001,Configurable upward-trending matrix,Books & Media,0.0,0,0
PROD_00001,Configurable upward-trending matrix,Clothing,0.0,0,0
PROD_00001,Configurable upward-trending matrix,Electronics,0.0,0,0
PROD_00001,Configurable upward-trending matrix,Food & Beverages,0.0,0,0
PROD_00001,Configurable upward-trending matrix,Furniture,0.0,0,0
PROD_00001,Configurable upward-trending matrix,Health & Beauty,0.0,0,0
PROD_00001,Configurable upward-trending matrix,Home & Garden,0.0,0,0
PROD_00001,Configurable upward-trending matrix,Jewelry,0.0,0,0
PROD_00001,Configurable upward-trending matrix,Office Supplies,0.0,0,0
PROD_00001,Configurable upward-trending matrix,Pet Supplies,0.0,0,0
PROD_00001,Configurable upward-trending matrix,Sports & Outdoors,0.0,0,0
PROD_00001,Configurable upward-trending matrix,Tools & Hardware,0.0,0,0
PROD_00001,Configurable upward-trending matrix,Toys & Games,0.0,0,0
